Source:;EM-DAT, CRED / UCLouvain, Brussels, Belgium;;;;;;;;;;;;;;;;;;;;;;;;;;;;;;;;;;;;;;;;;;;;;
;www.emdat.be (D. Guha-Sapir);;;;;;;;;;;;;;;;;;;;;;;;;;;;;;;;;;;;;;;;;;;;;
Version:;2021-05-30;;;;;;;;;;;;;;;;;;;;;;;;;;;;;;;;;;;;;;;;;;;;;
File creation:;Mon, 31 May 2021 01:50:39 CEST;;;;;;;;;;;;;;;;;;;;;;;;;;;;;;;;;;;;;;;;;;;;;
Table type:;Custom request;;;;;;;;;;;;;;;;;;;;;;;;;;;;;;;;;;;;;;;;;;;;;
# of records:;143;;;;;;;;;;;;;;;;;;;;;;;;;;;;;;;;;;;;;;;;;;;;;
;;;;;;;;;;;;;;;;;;;;;;;;;;;;;;;;;;;;;;;;;;;;;;
Dis No;Year;Seq;Glide;Disaster Group;Disaster Subgroup;Disaster Type;Disaster Subtype;Event Name;Entry Criteria;Country;ISO;Region;Continent;Location;Origin;Associated Dis;Associated Dis2;OFDA Response;Appeal;Declaration;Aid Contribution;Dis Mag Value;Dis Mag Scale;Latitude;Longitude;Local Time;River Basin;Start Year;Start Month;Start Day;End Year;End Month;End Day;Total Deaths;No Injured;No Affected;No Homeless;Total Affected;Reconstruction Costs ('000 US$);Insured Damages ('000 US$);Total Damages ('000 US$);CPI;Adm Level;Admin1 Code;Admin2 Code;Geo Locations
1906-0014-CHL;1906;0014;;Natural;Geophysical;Earthquake;Ground movement;;;Chile;CHL;South America;Americas;Valparaiso;;Tsunami/Tidal wave;;;;;;8;Richter;33.05;71.4;19:57;;1906;8;16;1906;8;16;20000;;;;;;;100000;3,522300102;;;;
1922-0001-CHL;1922;0001;;Natural;Geophysical;Earthquake;Ground movement;;;Chile;CHL;South America;Americas;Atacama;;Tsunami/Tidal wave;;;;;;9;Richter;-28.553;-70.755;00:32;;1922;11;11;1922;11;11;1000;;;;;;;;6,561914634;;;;
1928-0003-CHL;1928;0003;;Natural;Geophysical;Earthquake;Ground movement;;;Chile;CHL;South America;Americas;Talca;;;;;;;;;Richter;35.28 S;71.40 W;;;1928;;;1928;;;220;;;;;;;;6,731506861;;;;
1939-0001-CHL;1939;0001;;Natural;Geophysical;Earthquake;Ground movement;;;Chile;CHL;South America;Americas;Chillan region (Concepcion);;Tsunami/Tidal wave;;;;;;8;Richter;-36.305;-72.315;23:32;;1939;1;24;1939;1;24;30000;58500;;;58500;;;920000;5,45304238;;;;
1943-0010-CHL;1943;0010;;Natural;Geophysical;Earthquake;Ground movement;;;Chile;CHL;South America;Americas;Illapel;;Tsunami/Tidal wave;;;;;;8;Richter;-31.432;-71.475;12:07;;1943;4;6;1943;4;6;12;35;;;35;;;100000;6,783689085;;;;
1946-0013-CHL;1946;0013;;Natural;Geophysical;Earthquake;Ground movement;;;Chile;CHL;South America;Americas;Northern;;Tsunami/Tidal wave;;;;;;8;Richter;-26.5;-70.5;15:18;;1946;8;2;1946;8;2;2;;;;;;;;7,644695777;;;;
1948-0025-CHL;1948;0025;;Natural;Geophysical;Volcanic activity;Ash fall;;;Chile;CHL;South America;Americas;;;;;;;;;;;;;;;1948;10;;1948;10;;100;;;;;;;;9,418891383;;;;
1949-0005-CHL;1949;0005;;Natural;Geophysical;Earthquake;Ground movement;;;Chile;CHL;South America;Americas;Angol, Traiguan;;Tsunami/Tidal wave;;;;;;7;Richter;-38;-73.5;23:29;;1949;4;19;1949;4;19;35;155;;;155;;;39000;9,327572492;;;;
1949-0015-CHL;1949;0015;;Natural;Geophysical;Earthquake;Ground movement;;;Chile;CHL;South America;Americas;Tierra del Fuego;;Tsunami/Tidal wave;;;;;;8;Richter;-54;-71;02:53;;1949;12;17;1949;12;17;6;18;;;18;;;5200;9,327572492;;;;
1953-0012-CHL;1953;0012;;Natural;Geophysical;Earthquake;Ground movement;;;Chile;CHL;South America;Americas;Chillan, Concepcion;;Tsunami/Tidal wave;;;;;;8;Richter;-37.093;-72.866;13:16;;1953;5;6;1953;5;6;12;40;;;40;;;500000;10,48862697;;;;
1953-0021-CHL;1953;0021;;Natural;Geophysical;Earthquake;Ground movement;;;Chile;CHL;South America;Americas;;;;;;;;;7;Richter;-22.1;-68.7;22:05;;1953;12;6;1953;12;6;3;15;;;15;;;7310;10,48862697;;;;
1958-0010-CHL;1958;0010;;Natural;Geophysical;Earthquake;Ground movement;;;Chile;CHL;South America;Americas;;;;;;No;No;;;Richter;;;;;1958;9;;1958;9;;;35;;;35;;;10100;11,28789241;;;;
1960-0013-CHL;1960;0013;;Natural;Geophysical;Earthquake;Tsunami;;;Chile;CHL;South America;Americas;Puerto Montt, Valdivia (Arauco peninsula);;Volcanic activity;Tsunami/Tidal wave;;;;;10;Richter;-38.143;-73.407;15-11;;1960;5;22;1960;5;22;6000;3000;2000000;;2003000;;;550000;11,56821608;;;;
1961-0044-CHL;1961;0044;;Technological;Technological;Miscellaneous accident;Collapse;Stadium barrier;;Chile;CHL;South America;Americas;Santiago;;;;;No;No;;;;;;;;1961;4;;1961;4;;5;300;;;300;;;;11,69207506;;;;
1964-0017-CHL;1964;0017;;Natural;Geophysical;Volcanic activity;Ash fall;;;Chile;CHL;South America;Americas;Villarica;;;;Yes;;;;;;;;;;1964;3;2;1964;3;2;4;;2000;;2000;;;;12,13211749;;;;
1965-0016-CHL;1965;0016;;Natural;Geophysical;Earthquake;Ground movement;;;Chile;CHL;South America;Americas;Coquimbo, Santiago (Central Valley);;;;Yes;;;;7;Richter;-32.522;-71.233;12:33;;1965;3;28;1965;3;28;400;350;20000;;20350;;;125000;12,32443267;;;;
1965-0095-CHL;1965;0095;;Natural;Hydrological;Landslide;Landslide;;;Chile;CHL;South America;Americas;;;;;;;;;;;;;;;1965;2;;1965;2;;26;;;;;;;;12,32443267;;;;
1965-0040-CHL;1965;0040;;Natural;Hydrological;Flood;;;;Chile;CHL;South America;Americas;Antofagasta to Aisen;;;;Yes;;;;;Km2;;;;;1965;7;;1965;7;;600;;350000;25000;375000;;;10000;12,32443267;;;;
1965-0099-CHL;1965;0099;;Natural;Meteorological;Storm;;;;Chile;CHL;South America;Americas;;;;;;;;;;Kph;;;;;1965;8;;1965;8;;58;;;;;;;;12,32443267;;;;
1966-0090-CHL;1966;0090;;Natural;Geophysical;Earthquake;Ground movement;;;Chile;CHL;South America;Americas;Taltal & Catalina;;;;Yes;;;;8;Richter;-25.494;-70.55;04:18;;1966;12;28;1966;12;28;4;6;3000;;3006;;;400;12,69602817;;;;
1968-9008-CHL;1968;9008;;Natural;Climatological;Drought;Drought;;;Chile;CHL;South America;Americas;Nationwide, Central Valley, Central Chile;;;;Yes;No;No;;;Km2;;;;;1968;8;;1972;;;;;120000;;120000;;;55000;13,60544609;;;;
1968-0057-CHL;1968;0057;;Natural;Meteorological;Storm;;;;Chile;CHL;South America;Americas;North coast;;;;;;;;;Kph;;;;;1968;7;23;1968;7;23;;;;;;;;;13,60544609;;;;
1971-0042-CHL;1971;0042;;Natural;Geophysical;Earthquake;Ground movement;;;Chile;CHL;South America;Americas;Valparaiso, Salamnca, Coquimbo;;Tsunami/Tidal wave;;Yes;;;;8;Richter;-32.601;-71.076;00:03;;1971;7;9;1971;7;9;85;451;2348522;;2348973;;;236400;15,83825463;;;;
1971-0039-CHL;1971;0039;;Natural;Meteorological;Storm;;;;Chile;CHL;South America;Americas;;;;;Yes;;;;;Kph;;;;;1971;6;20;1971;6;20;;;90000;;90000;;;2500;15,83825463;;;;
1974-0027-CHL;1974;0027;;Natural;Hydrological;Flood;;;;Chile;CHL;South America;Americas;Central, South;;;;Yes;;;;;Km2;;;;;1974;6;;1974;6;;32;;40000;;40000;;;10000;19,28687447;;;;
1977-0087-CHL;1977;0087;;Natural;Meteorological;Storm;;;;Chile;CHL;South America;Americas;Santiago area;;;;;;;;;Kph;;;;;1977;7;20;1977;7;20;15;;;16800;16800;;;6800;23,706851;;;;
1978-0073-CHL;1978;0073;;Natural;Hydrological;Flood;;;;Chile;CHL;South America;Americas;;;;;;;;;;Km2;;;;;1978;6;;1978;6;;4;;6000;;6000;;;;25,51591532;;;;
1979-0247-CHL;1979;0247;;Natural;Hydrological;Landslide;Landslide;;;Chile;CHL;South America;Americas;Puerto Monte;;;;;;;;;;;;;;1979;10;24;1979;10;24;30;;;;;;;;28,3875989;;;;
1982-0082-CHL;1982;0082;;Natural;Hydrological;Flood;;;;Chile;CHL;South America;Americas;Mapocho river;;;;;;;;;Km2;;;;;1982;6;22;1982;6;22;;;8000;;8000;;;;37,74582208;;;;
1983-0127-CHL;1983;0127;;Natural;Geophysical;Earthquake;Ground movement;;;Chile;CHL;South America;Americas;Atacama, Copiapo-Chanaral area;;;;;;;;7;Richter;-26.535;-70.563;14:52;;1983;10;4;1983;10;4;4;24;1500;;1524;;;1000;38,9583793;;;;
1984-0058-CHL;1984;0058;;Natural;Meteorological;Storm;Convective storm;;;Chile;CHL;South America;Americas;Northeast of Santiago;;;;;;;;;Kph;;;;;1984;7;;1984;7;;85;70;140000;102275;242345;;;;40,63380386;;;;
1984-0412-CHL;1984;0412;;Natural;Meteorological;Storm;;;;Chile;CHL;South America;Americas;;;;;;;;;;Kph;;;;;1984;7;;1984;7;;42;45;63064;17719;80828;;;;40,63380386;;;;
1985-0041-CHL;1985;0041;;Natural;Geophysical;Earthquake;Ground movement;;;Chile;CHL;South America;Americas;Valparaiso, Santiago, Talca, Copiapo, La Serena, Rancegua, Cauquenes, Concepcion;;;;Yes;;;;8;Richter;-33.135;-71.871;19:47;;1985;3;3;1985;3;3;180;2483;979792;500000;1482275;;90000;1500000;42,07452677;;;;
1986-0067-CHL;1986;0067;;Natural;Meteorological;Storm;Convective storm;;;Chile;CHL;South America;Americas;Central;;;;Yes;;;;;Kph;;;;;1986;6;15;1986;6;15;16;16;30790;;30806;;;;42,87312983;;;;
1986-0075-CHL;1986;0075;;Natural;Hydrological;Flood;Riverine flood;;;Chile;CHL;South America;Americas;Curico, Santiago, Vitacura, Ora Ges;;;;;;;;;Km2;;;;;1986;6;15;1986;6;15;23;;54118;;54118;;;17200;42,87312983;;;;
1986-0034-CHL;1986;0034;;Technological;Technological;Transport accident;Rail;;;Chile;CHL;South America;Americas;Near Limache;;;;;;;;;;;;;;1986;2;17;1986;2;17;62;464;;;464;;;;42,87312983;;;;
1986-0300-CHL;1986;0300;;Technological;Technological;Industrial accident;Explosion;Usine d'explosifs et armes;;Chile;CHL;South America;Americas;Iquique;;;;;;;;;m3;;;;;1986;1;25;1986;1;25;28;;;;;;;;42,87312983;;;;
1987-0144-CHL;1987;0144;;Natural;Geophysical;Earthquake;Ground movement;;;Chile;CHL;South America;Americas;Arica, Iquique several small Andean towns;;Slide (land, mud, snow, rock);;;;;;7;Richter;-19.022;-69.991;11:48;;1987;8;8;1987;8;8;5;112;;5000;5112;;;1000;44,44423842;;;;
1987-0126-CHL;1987;0126;;Natural;Hydrological;Flood;Riverine flood;;;Chile;CHL;South America;Americas;Santiago, central Chile & outlying regions;;;;;;;;;Km2;;;;;1987;7;17;1987;7;17;73;;116364;;116364;;;177000;44,44423842;;;;
1987-0403-CHL;1987;0403;;Natural;Hydrological;Flood;Riverine flood;;;Chile;CHL;South America;Americas;;;;;;;;;;Km2;;;;;1987;8;12;1987;8;12;54;;;81000;81000;;;;44,44423842;;;;
1987-0217-CHL;1987;0217;;Natural;Hydrological;Landslide;Avalanche;;;Chile;CHL;South America;Americas;Near Los Maitenes;;;;;;;;;;;;;;1987;11;29;1987;11;29;32;30;;;30;;;;44,44423842;;;;
1987-0465-CHL;1987;0465;;Technological;Technological;Transport accident;Road;;;Chile;CHL;South America;Americas;Temuco;;;;;;;;;;;;;;1987;1;21;1987;1;21;43;;;;;;;;44,44423842;;;;
1987-0449-CHL;1987;0449;;Technological;Technological;Transport accident;Water;"Cargo ""Alborada""";;Chile;CHL;South America;Americas;Cote Sud;;;;;;;;;;;;;;1987;7;24;1987;7;24;30;;;;;;;;44,44423842;;;;
1988-0524-CHL;1988;0524;;Natural;Geophysical;Volcanic activity;Ash fall;Lonquimay;;Chile;CHL;South America;Americas;Lonquimay;;;;;No;No;;50;;;;;;1988;12;;1988;12;;;;2000;;2000;;;;46,25655683;;;;
1989-0549-CHL;1989;0549;;Natural;Hydrological;Flood;;;;Chile;CHL;South America;Americas;Curanilahue;;;;;;;;;Km2;;;;;1989;7;29;1989;7;29;21;;;;;;;;48,48936537;;;;
1990-0485-CHL;1990;0485;;Technological;Technological;Transport accident;Water;"Bateau de pêche ""Valdivia""";;Chile;CHL;South America;Americas;Near Valvidia;;;;;;;;;;;;;;1990;2;18;1990;2;18;28;;;;;;;;51,106795;;;;
1990-0639-CHL;1990;0639;;Natural;Hydrological;Flood;;;;Chile;CHL;South America;Americas;Punta Arenas;;;;;;;;;Km2;;;;;1990;3;5;1990;3;5;;;2500;;2500;;;;51,106795;;;;
1991-0212-CHL;1991;0212;;Natural;Geophysical;Volcanic activity;Ash fall;Hudson;;Chile;CHL;South America;Americas;;;;;;Yes;No;;;;45.54 S;72.58 W;;;1991;8;13;1991;8;13;;;62000;1200;63200;;;15000;53,27115662;;;;
1991-0136-CHL;1991;0136;;Natural;Biological;Epidemic;Bacterial disease;Cholera;;Chile;CHL;South America;Americas;;;;;;;;;;Vaccinated;;;;;1991;6;13;1991;6;13;1;;40;;40;;;;53,27115662;;;;
1991-0017-CHL;1991;0017;;Technological;Technological;Transport accident;Air;Bae 146-200;;Chile;CHL;South America;Americas;Near Puerto Williams (Navarino Isl.);;;;;;;;;;;;;;1991;2;20;1991;2;20;20;;;;;;;;53,27115662;;;;
1991-0263-CHL;1991;0263;;Technological;Technological;Miscellaneous accident;Other;;;Chile;CHL;South America;Americas;Santiago;;;;;;;;;;;;;;1991;6;6;1991;6;6;9;128;;;128;;;;53,27115662;;;;
1991-9006-CHL;1991;9006;;Natural;Climatological;Drought;Drought;;;Chile;CHL;South America;Americas;;;;;;;;;;Km2;;;;;1991;1;;1991;5;;;;;;;;;200000;53,27115662;;;;
1991-0249-CHL;1991;0249;;Natural;Hydrological;Landslide;Mudslide;;;Chile;CHL;South America;Americas;Antogagasta;;;;Yes;No;No;;;;;;;;1991;6;19;1991;6;19;141;140;65000;17671;82811;3000;;6000;53,27115662;;;;
1992-0204-CHL;1992;0204;;Natural;Meteorological;Storm;;;;Chile;CHL;South America;Americas;North;;Flood;;;No;No;;;Kph;;;;;1992;5;26;1992;5;28;;;;20000;20000;;;;54,88464241;;;;
1992-0502-CHL;1992;0502;;Natural;Climatological;Wildfire;Forest fire;;;Chile;CHL;South America;Americas;;;;;;;;;1010;Km2;;;;;1992;;;1992;;;;;;;;;;120000;54,88464241;;;;
1992-0207-CHL;1992;0207;;Natural;Meteorological;Storm;;;;Chile;CHL;South America;Americas;South;;;;;No;No;;;Kph;;;;;1992;6;6;1992;6;7;;;;18000;18000;;;;54,88464241;;;;
1993-0502-CHL;1993;0502;;Natural;Geophysical;Volcanic activity;Ash fall;Lascar;;Chile;CHL;South America;Americas;;;;;;No;No;;;;;;;;1993;4;19;1993;4;19;6;;350;;350;;;;56,50464564;;;;
1993-0010-CHL;1993;0010;;Natural;Hydrological;Flood;Riverine flood;;;Chile;CHL;South America;Americas;Santago, Codegua, Coya;;;;;;;232;;Km2;;;;;1993;5;5;1993;5;5;109;58;1993;1225;3276;;34000;34000;56,50464564;;;;
1993-0523-CHL;1993;0523;;Natural;Climatological;Wildfire;Forest fire;;;Chile;CHL;South America;Americas;South;;;;;;;;600;Km2;;;;;1993;1;;1993;1;;;;;;;;;;56,50464564;;;;
1994-0357-CHL;1994;0357;;Technological;Technological;Industrial accident;Explosion;Coal mine;;Chile;CHL;South America;Americas;Concepcion;;;;;;;;;m3;;;;;1994;9;30;1994;9;30;20;1;;;1;;;;57,97797424;;;;
1995-0171-CHL;1995;0171;;Natural;Geophysical;Earthquake;Ground movement;;;Chile;CHL;South America;Americas;Antofagasta, Arica, Iquique, Tocopilla, Calama, Chuquicamasta, Antofagasta, Taltal, Diego de Almagro, Chanaral, Caldera, Copiapo, Vallenar, La serena;;;;;No;No;;8;Richter;23.34 S;70.36 W;1:11;;1995;7;30;1995;7;30;3;58;1200;575;1833;;;1660;59,60449489;;;;
1995-0176-CHL;1995;0176;;Natural;Meteorological;Extreme temperature;Cold wave;;;Chile;CHL;South America;Americas;Longuimay, Curarrehue, Pucon, Melipouco, Curacautin;;;;;;;;;°C;;;;;1995;8;15;1995;8;15;2;;10000;;10000;;;10000;59,60449489;;;;
1995-0078-CHL;1995;0078;;Natural;Hydrological;Flood;;;;Chile;CHL;South America;Americas;Puerto Varas, Ensanada;;;;;;;;;Km2;;;;;1995;5;8;1995;5;8;28;;;;;;;;59,60449489;;;;
1997-0247-CHL;1997;0247;;Natural;Geophysical;Earthquake;Ground movement;;;Chile;CHL;South America;Americas;Elqui, Limari, Choapa (Coquimbo Region - Region IV);;Slide (land, mud, snow, rock);;;No;No;;7;Richter;-30.933;-71.22;21:04;;1997;10;14;1997;10;14;8;98;40000;13000;53098;;;48000;62,7858352;;;;
1997-0137-CHL;1997;0137;;Natural;Hydrological;Flood;Riverine flood;;;Chile;CHL;South America;Americas;Santiago, Atacamo, Frontera;Heavy rain;Slide (land, mud, snow, rock);;;No;No;166;;Km2;;;;;1997;6;10;1997;6;24;22;;65800;11000;76800;;;182400;62,7858352;;;;
1997-0136-CHL;1997;0136;;Natural;Meteorological;Storm;Convective storm;;;Chile;CHL;South America;Americas;Andes;;;;;;;;;Kph;;;;;1997;6;20;1997;6;20;;;250;;250;;;;62,7858352;;;;
1997-0134-CHL;1997;0134;;Natural;Meteorological;Storm;Convective storm;;;Chile;CHL;South America;Americas;Santiago & Puerto Mont;;;;;;;;;Kph;;;;;1997;6;4;1997;6;4;4;;2000;;2000;;;;62,7858352;;;;
1997-0078-CHL;1997;0078;;Natural;Climatological;Wildfire;Forest fire;;;Chile;CHL;South America;Americas;Near Conception Port;;;;;;;;;Km2;;;;;1997;4;6;1997;4;6;10;;300;;300;;;;62,7858352;;;;
1997-0372-CHL;1997;0372;;Technological;Technological;Miscellaneous accident;Fire;Foyer;;Chile;CHL;South America;Americas;Santiago;;;;;;;;;;;;;;1997;9;29;1997;9;29;37;3;;;3;;;;62,7858352;;;;
1999-0013-CHL;1999;0013;;Natural;Climatological;Wildfire;Forest fire;;;Chile;CHL;South America;Americas;San Fernando, Bio-Bio;;;;;;;;400;Km2;;;;;1999;1;2;1999;1;2;;;;1000;1000;;;280000;65,15554686;;;;
2000-0375-CHL;2000;0375;;Natural;Hydrological;Flood;Flash flood;;;Chile;CHL;South America;Americas;Metropolitana, Coquimbo, Valparaiso, Maule, Araucania, Los Lagos, Los Rios, Libertador Gral. Bernardo O'higgins provinces;;Rain;;Yes;;;1175;;Km2;;;;;2000;6;12;2000;6;26;15;;129266;10401;139667;;;30000;67,35575898;1;"884;888;889;892;893;91501;91504;149630";;Araucania, Coquimbo, Libertador Gral. Bernardo O'Higgins, Los Lagos, Los Rios, Maule, Metropolitana, Valparaiso (Adm1).
2000-0310-CHL;2000;0310;;Natural;Hydrological;Flood;Riverine flood;;;Chile;CHL;South America;Americas;Valdivia district (Los Rios province), Cautin district (Araucania province);Heavy rain;;;;;;;84000;Km2;;;;;2000;6;5;2000;6;16;1;;42000;;42000;;;;67,35575898;2;;"12935;149633";Cautin, Valdivia (Adm2).
2000-0423-CHL;2000;0423;;Natural;Meteorological;Extreme temperature;Cold wave;;;Chile;CHL;South America;Americas;Antofagasta, Araucania, Arica y Painacota, Atacama, Coquimbo, Los Lagos, Los Rios, Tarapaca provinces;;;;;;;;-20;°C;;;;;2000;7;3;2000;7;3;;;;;;;;10000;67,35575898;1;"883;884;885;888;91501;91502;91503;91504";;Antofagasta, Araucania, Arica y Painacota, Atacama, Coquimbo, Los Lagos, Los Rios, Tarapaca (Adm1).
2001-0053-CHL;2001;0053;;Natural;Hydrological;Flood;;;;Chile;CHL;South America;Americas;General Lagos, Putre Camarones, Huara municipalities (Arica district, Arica y Painacota province), Parinacota disctrict (Arica y Painacota province);;;;;;;;;Km2;;;;;2001;2;16;2001;2;16;;;2245;314;2559;;;8900;69,25933995;2;;"12974;12976";Arica, Parinacota (Adm2).
2001-0552-CHL;2001;0552;;Technological;Technological;Transport accident;Road;;;Chile;CHL;South America;Americas;Near Calama;;;;;No;No;;;;;;;;2001;10;10;2001;10;10;22;21;;;21;;;;69,25933995;;;;
2001-0285-CHL;2001;0285;;Natural;Meteorological;Storm;;;;Chile;CHL;South America;Americas;Puerto Montt city (Llanquihue district, Los Lagos province), Araucania province;;;;;;;;;Kph;;;;;2001;5;29;2001;5;29;2;;2000;400;2400;;;;69,25933995;"1;2";884;12955;Araucania (Adm1). Llanquihue (Adm2).
2001-0365-CHL;2001;0365;;Natural;Hydrological;Flood;;;;Chile;CHL;South America;Americas;Metropolitana, Araucania, Biobio, Libertador Gral. Bernardo O'higgins, Maule, Los Rios provinces;;;;;;;;30;Km2;;;;;2001;5;26;2001;5;26;;;10000;;10000;;;;69,25933995;1;"884;887;889;892;893;91504";;Araucania, Biobio, Libertador Gral. Bernardo O'Higgins, Los Rios, Maule, Metropolitana (Adm1).
2001-0471-CHL;2001;0471;;Natural;Hydrological;Flood;;;;Chile;CHL;South America;Americas;Valparaiso district (Valparaiso province), Santiago district (Metropolitana province);;;;;;;;;Km2;;;;;2001;7;30;2001;7;30;4;;;;;;;;69,25933995;2;;"12971;149634";Santiago, Valparaiso (Adm2).
2002-0322-CHL;2002;0322;;Natural;Hydrological;Flood;Riverine flood;;;Chile;CHL;South America;Americas;Metropolitana, Atacama, Coquimbo, Valparaiso, Libertador Gral. Bernardo O'higgins, Maule, Bio Bio, Araucania provinces;Heavy rains;Cold wave;;Yes;;;116;166900;Km2;;;;;2002;5;24;2002;6;5;14;;221842;;221842;;40000;200000;70,35781897;1;"884;885;887;888;889;892;893;149630";;Araucania, Atacama, Biobio, Coquimbo, Libertador Gral. Bernardo O'Higgins, Maule, Metropolitana, Valparaiso (Adm1).
2002-0546-CHL;2002;0546;;Natural;Hydrological;Flood;Riverine flood;;;Chile;CHL;South America;Americas;Bio Bio, Maule provinces;Heavy rain;;;;;;;62180;Km2;;;;Andalien, Bio Bio, Nonguen, Itata, Tinguirica, Claro, Teno and Lontue rivers;2002;8;24;2002;8;29;2;;8000;;8000;;;;70,35781897;1;"887;892";;Biobio, Maule (Adm1).
2002-0847-CHL;2002;0847;;Natural;Hydrological;Flood;Riverine flood;;;Chile;CHL;South America;Americas;Libertador Gral. Bernardo O'higgins, Maule, Biobio, Los Lagos, Los Rios, Aisen del Gral. Carlos Ibanez del Campo, Magallanes y Antartica chilena, Araucania provinces;Heavy rain;;;;;;;;Km2;;;;;2002;10;12;2002;11;2;3;;800;;800;;;;70,35781897;1;"884;886;887;889;891;892;91501;91504";;Aisen del Gral. Carlos Ibanez del Campo, Araucania, Biobio, Libertador Gral. Bernardo O'Higgins, Los Lagos, Los Rios, Magallanes y Antartica chilena, Maule (Adm1).
2002-0495-CHL;2002;0495;;Natural;Meteorological;Extreme temperature;Cold wave;;;Chile;CHL;South America;Americas;Aisen del Gral. Carlos Ibañez del Campo, Antofagasta, Araucania, Arica y Painacota, Atacama, Biobio, Coquimbo, Libertador Gral. Bernardo O'Higgins, Los Lagos, Los Rios, Magallanes y Antartica chilena, Maule, Metropolitana, Tarapaca, Valparaiso provinces;;;;;;;;;°C;;;;;2002;7;;2002;7;;;;25000;;25000;;;;70,35781897;1;"883;884;885;886;887;888;889;891;892;893;91501;91502;91503;91504;149630";;Aisen del Gral. Carlos Ibanez del Campo, Antofagasta, Araucania, Arica y Painacota, Atacama, Biobio, Coquimbo, Libertador Gral. Bernardo O'Higgins, Los Lagos, Los Rios, Magallanes y Antartica chilena, Maule, Metropolitana, Tarapaca, Valparaiso (Adm1).
2002-0089-CHL;2002;0089;;Natural;Climatological;Wildfire;Forest fire;;;Chile;CHL;South America;Americas;Coquimbo province;;;;;;;;170;Km2;;;;;2002;2;;2002;2;;;;;;;;;80000;70,35781897;1;888;;Coquimbo (Adm1).
2003-0042-CHL;2003;0042;;Natural;Climatological;Wildfire;Land fire (Brush, Bush, Pasture);;;Chile;CHL;South America;Americas;Valparaiso province;;;;;;;;;Km2;;;;;2003;1;23;2003;1;23;;;;285;285;;;;71,95500655;1;149630;;Valparaiso (Adm1).
2004-0307-CHL;2004;0307;;Natural;Hydrological;Flood;Riverine flood;;;Chile;CHL;South America;Americas;Chiloe, Llanquihue districts (Los Lagos province);Heavy rain;;;;;;;4600;Km2;;;;Rahue, Calle Calle, San Pedro rivers;2004;6;30;2004;7;1;3;;9000;;9000;;;;73,88141244;2;;"12954;12955";Chiloe, Llanquihue (Adm2).
2004-0331-CHL;2004;0331;;Natural;Meteorological;Extreme temperature;Cold wave;;;Chile;CHL;South America;Americas;Aisen del Gral. Carlos Ibañez del Campo, Antofagasta, Araucania, Arica y Painacota, Atacama, Biobio, Coquimbo, Libertador Gral. Bernardo O'Higgins, Los Lagos, Los Rios, Magallanes y Antartica chilena, Maule, Metropolitana, Tarapaca, Valparaiso provinces;;;;;;;;;°C;;;;;2004;7;;2004;7;;;;;;;;;;73,88141244;1;"883;884;885;886;887;888;889;891;892;893;91501;91502;91503;91504;149630";;Aisen del Gral. Carlos Ibanez del Campo, Antofagasta, Araucania, Arica y Painacota, Atacama, Biobio, Coquimbo, Libertador Gral. Bernardo O'Higgins, Los Lagos, Los Rios, Magallanes y Antartica chilena, Maule, Metropolitana, Tarapaca, Valparaiso (Adm1).
2004-0094-CHL;2004;0094;;Technological;Technological;Industrial accident;Chemical spill;Acide chlorhydrique;;Chile;CHL;South America;Americas;Near Santiago;;;;;No;No;;;m3;;;;;2004;3;2;2004;3;2;;2;500;;502;;;;73,88141244;;;;
2005-0321-CHL;2005;0321;;Natural;Geophysical;Earthquake;Ground movement;;;Chile;CHL;South America;Americas;Iquique, Alto Hospicio towns (Iquique district, Tarapaca province), Pozo Almonte, Pica, Camina, Huara, Colchane towns (Tamarugal district, Tarapaca province);;Slide (land, mud, snow, rock);;;;Yes;150;8;Richter;-19.987;-69.197;18:44;;2005;6;13;2005;6;13;11;182;27463;;27645;;40000;5000;76,38802721;2;;"91517;91518";Iquique, Tamarugal (Adm2).
2005-0393-CHL;2005;0393;;Natural;Hydrological;Flood;Riverine flood;;;Chile;CHL;South America;Americas;Biobio , Valparaiso, Metropolitana, Libertador Gral. Bernardo O'Higgins, Maule provinces;Torrential rains;Slide (land, mud, snow, rock);;;;Yes;;12210;Km2;;;;;2005;6;26;2005;6;28;5;;800;;800;;;;76,38802721;1;"887;889;892;893;149630";;Biobio, Libertador Gral. Bernardo O'Higgins, Maule, Metropolitana, Valparaiso (Adm1).
2005-0256-CHL;2005;0256;;Natural;Meteorological;Storm;Convective storm;;;Chile;CHL;South America;Americas;Antuco city (Biobio district, Biobio province);;;;;;;;;Kph;;;;;2005;5;18;2005;5;19;45;;112;;112;;;;76,38802721;2;;12945;Biobio (Adm2).
2005-0468-CHL;2005;0468;;Natural;Hydrological;Flood;Riverine flood;;;Chile;CHL;South America;Americas;Santiago district (Metropolitana province);Heavy rains;;;;;;;;Km2;;;;;2005;8;26;2005;8;29;;;;548;548;;;;76,38802721;2;;12971;Santiago (Adm2).
2006-0363-CHL;2006;0363;;Natural;Hydrological;Flood;Riverine flood;;;Chile;CHL;South America;Americas;Bio Bio, Maule provinces;Heavy rain;Slide (land, mud, snow, rock);Rain;;;Yes;;5030;Km2;-72.64;-37.26;;Teno;2006;7;11;2006;7;17;18;;95862;;95862;;;;78,85225551;1;"887;892";;Biobio, Maule (Adm1).
2006-0589-CHL;2006;0589;;Technological;Technological;Transport accident;Road;;;Chile;CHL;South America;Americas;Canete;;;;;No;No;;;;;;;;2006;11;12;2006;11;12;20;5;;;5;;;;78,85225551;;;;
2007-0053-CHL;2007;0053;;Technological;Technological;Miscellaneous accident;Fire;"Hotel ""Blue House""";;Chile;CHL;South America;Americas;Punta Arenas;;;;;No;No;;;;;;;;2007;2;3;2007;2;3;10;;;;;;;;81,10165893;;;;
2007-0158-CHL;2007;0158;;Natural;Geophysical;Earthquake;Tsunami;;;Chile;CHL;South America;Americas;Puerto Aisen, Puerto Chacabuco towns (Aisen district, Aisen del General Carlos Ibañez del Campo province), Balmacada town (Coyhaique district, Aisen province), Cochrane town (Capitan Prat district, Aisen province);Sub-marine volcano;Tsunami/Tidal wave;;;;;;6;Richter;-45.243;-72.648;;;2007;4;21;2007;4;21;10;;;;;;;;81,10165893;2;;"12940;12941;12942";Aisen, Capitan Prat, Coyhaique (Adm2).
2007-0587-CHL;2007;0587;EQ-2007-000207;Natural;Geophysical;Earthquake;Ground movement;;;Chile;CHL;South America;Americas;Tocopilla, Maria Elena, Quillagua town (Topicalla Province, Antofagasta Region), Mejillones (Antofagasta Province, Antofagasta Region);;;;;;Yes;;8;Richter;-22.247;-69.89;12:43;;2007;11;14;2007;11;14;2;155;25000;;25155;;;100000;81,10165893;2;;"12932;12934";Antofagasta, Tocopilla (Adm2).
2007-0263-CHL;2007;0263;CW-2007-000090;Natural;Meteorological;Extreme temperature;Severe winter conditions;;;Chile;CHL;South America;Americas;Osorno district (Los Lagos province), Santiago district (Metropolitan province), Araucania province;;;;;;;;-18;°C;;;;;2007;7;;2007;7;;6;;;;;;;;81,10165893;"1;2";884;"12956;12971";Araucania (Adm1). Osorno, Santiago (Adm2).
2007-0157-CHL;2007;0157;;Technological;Technological;Transport accident;Water;;;Chile;CHL;South America;Americas;;;;;;No;No;;;;;;;;2007;4;21;2007;4;21;11;;105;;105;;;;81,10165893;;;;
2008-0229-CHL;2008;0229;FL-2008-000069;Natural;Hydrological;Flood;Riverine flood;;;Chile;CHL;South America;Americas;Bio Bio, Maule, Valparaiso, Araucania, Los Rios provinces;Heavy rains;Broken Dam/Burst bank;Slide (land, mud, snow, rock);;;;;110500;Km2;-35.86;-71.95;;;2008;5;19;2008;5;27;5;;40000;;40000;;;;84,21522909;1;"884;887;892;91504;149630";;Araucania, Biobio, Los Rios, Maule, Valparaiso (Adm1).
2008-0389-CHL;2008;0389;;Natural;Hydrological;Flood;Riverine flood;;;Chile;CHL;South America;Americas;Araucania, Biobio, Los Rios, Los Lagos, Maule provinces;Heavy rain;Slide (land, mud, snow, rock);;;;Yes;;;Km2;;;;Tolten, Imperial, Andalien;2008;8;29;2008;9;4;4;;81755;23000;104755;;;23000;84,21522909;1;"884;887;892;91501;91504";;Araucania, Biobio, Los Lagos, Los Rios, Maule (Adm1).
2008-0182-CHL;2008;0182;VO-2008-000056-CHL;Natural;Geophysical;Volcanic activity;Ash fall;Chaiten;;Chile;CHL;South America;Americas;Chaiten, Futaleufu towns (Palena district, Los Lagos province);;;;;;Yes;;;;-42.833;-72.65;;;2008;5;2;2008;5;6;;;8000;;8000;;;;84,21522909;2;;12957;Palena (Adm2).
2008-0083-CHL;2008;0083;;Technological;Technological;Transport accident;Air;;;Chile;CHL;South America;Americas;Penalolen (Near Santiago);;;;;No;No;;;;;;;;2008;3;27;2008;3;27;10;5;;;5;;;;84,21522909;;;;
2009-0076-CHL;2009;0076;;Technological;Technological;Transport accident;Air;Helicopter;;Chile;CHL;South America;Americas;South;;;;;No;No;;;;;;;;2009;2;15;2009;2;15;14;;;;;;;;83,91580741;;;;
2009-0169-CHL;2009;0169;;Technological;Technological;Miscellaneous accident;Fire;"Prison ""Colina II""";;Chile;CHL;South America;Americas;Near Santiago;;;;;No;No;;;;;;;;2009;4;26;2009;4;26;10;3;;;3;;;;83,91580741;;;;
2010-0091-CHL;2010;0091;EQ-2010-00034;Natural;Geophysical;Earthquake;Tsunami;;;Chile;CHL;South America;Americas;Biobio province, Libertador Gral. Bernardo O'higgins, Valparaiso, Araucania, Metropolitana Santiago, Maule Provinces;;Tsunami/Tidal wave;;Yes;Yes;Yes;;9;Richter;-36.122;-72.898;03:34;;2010;2;27;2010;2;27;562;10334;1861222;800000;2671556;;8000000;30000000;85,2920606;1;"884;887;889;892;893;149630";;Araucania, Biobio, Libertador Gral. Bernardo O'Higgins, Maule, Metropolitana, Valparaiso (Adm1).
2010-0294-CHL;2010;0294;;Natural;Meteorological;Extreme temperature;Cold wave;;;Chile;CHL;South America;Americas;Aisen del Gral. Carlos Ibañez del Campo province;;;;;;;;;°C;;;;;2010;7;;2010;7;;;;150;;150;;;;85,2920606;1;886;;Aisen del Gral. Carlos Ibanez del Campo (Adm1).
2010-0609-CHL;2010;0609;;Technological;Technological;Transport accident;Road;;;Chile;CHL;South America;Americas;Near Santiago;;;;;No;No;;;;;;;;2010;11;23;2010;11;23;19;20;;;20;;;;85,2920606;;;;
2010-0047-CHL;2010;0047;;Technological;Technological;Transport accident;Water;;;Chile;CHL;South America;Americas;South;;;;;No;No;;;;;;;;2010;2;2;2010;2;2;10;;;;;;;;85,2920606;;;;
2010-0630-CHL;2010;0630;;Technological;Technological;Miscellaneous accident;Fire;Prison;;Chile;CHL;South America;Americas;Santiago;;;;;No;No;;;;;;;;2010;12;8;2010;12;8;83;21;;;21;;;;85,2920606;;;;
2011-0209-CHL;2011;0209;;Natural;Geophysical;Volcanic activity;Ash fall;"Volcano ""Puyehue""";;Chile;CHL;South America;Americas;Futrono, Lago Ranco, Rio Bueno towns (Ranco district, Los Rios province);;;;;;;;;;-40.59;-72.12;;;2011;6;4;2011;6;17;;;3500;;3500;;;;87,98460292;2;;149632;Ranco (Adm2).
2011-0316-CHL;2011;0316;;Natural;Meteorological;Extreme temperature;Severe winter conditions;;;Chile;CHL;South America;Americas;Lonquimay villages (Malleco districts, Araucania province), Cunco, Curarrehue, Pucon, Villarrica, Vilcun villages (Cautin district, Araucania province), Biobio province;Cold front;;;;;Yes;;;°C;;;;;2011;7;13;2011;11;2;;;25475;;25475;;;;87,98460292;"1;2";887;"12935;12936";Biobio (Adm1). Cautin, Malleco (Adm2).
2011-0097-CHL;2011;0097;;Natural;Climatological;Wildfire;Land fire (Brush, Bush, Pasture);;;Chile;CHL;South America;Americas;Maule province;;;;;;;;10;Km2;;;;;2011;2;;2011;2;;;;400;;400;;;;87,98460292;1;892;;Maule (Adm1).
2011-0661-CHL;2011;0661;CW-2011-000094;Natural;Meteorological;Extreme temperature;Severe winter conditions;;;Chile;CHL;South America;Americas;Lonquimay, Curacautín, Purén villages (Malleco district, Araucania province), Cunco, Pucón, Curarrehue, Melipeuco, Carahue, Vilcún, Villarrica villages (Cautin district, Araucania province), Alto Bio-bío village (Biobio district, Biobio province);Cold front;;;;;;;-22;°C;;;;;2011;7;13;2011;7;19;;;25475;;25475;;;;87,98460292;2;;"12935;12936;12945";Biobio, Cautin, Malleco (Adm2).
2011-0584-CHL;2011;0584;WF-2012-000001-CHL;Natural;Climatological;Wildfire;Forest fire;;;Chile;CHL;South America;Americas;Maule, Biobio, Magallanes y Antartica chilena, Araucania provinces;High temperatures, vrable winds, human beings;;;;;Yes;;;Km2;;;;;2011;12;29;2012;1;6;1;;;1082;1082;;;200000;87,98460292;1;"884;887;891;892";;Araucania, Biobio, Magallanes y Antartica chilena, Maule (Adm1).
2011-0596-CHL;2011;0596;;Technological;Technological;Transport accident;Air;;;Chile;CHL;South America;Americas;Near Robinson Crusoe Isl.;;;;;No;No;;;;;;;;2011;9;3;2011;9;3;21;;;;;;;;87,98460292;;;;
2012-0126-CHL;2012;0126;;Natural;Geophysical;Earthquake;Ground movement;;;Chile;CHL;South America;Americas;Parral town (Linares district, Maule province), Santiago district (Metropolitana province), Biobio district (Biobio province);;;;;;;;7;Richter;-35.2;-72.217;;;2012;3;25;2012;3;25;1;14;24283;;24297;;;100000;89,80529293;2;;"12945;12965;12971";Biobio, Linares, Santiago (Adm2).
2012-0070-CHL;2012;0070;;Natural;Hydrological;Flood;Riverine flood;Heavy rains;;Chile;CHL;South America;Americas;Magallanes y Antartica chilena, Arica-Parinacota, Tarapaca provinces;Heavy rains;;;;;;;88871;Km2;-52.8256;-69.41;;;2012;3;1;2012;3;15;;;4300;;4300;;;3100;89,80529293;1;"891;91502;91503";;Arica y Painacota, Magallanes y Antartica chilena, Tarapaca (Adm1).
2012-0617-CHL;2012;0617;;Technological;Technological;Industrial accident;Oil spill;Amonia;;Chile;CHL;South America;Americas;Codegua;;;;;No;No;;;m3;;;;;2012;1;18;2012;1;18;1;120;;;120;;;;89,80529293;;;;
2012-0605-CHL;2012;0605;;Natural;Climatological;Wildfire;;;;Chile;CHL;South America;Americas;Biobio, Magallanes y Antartica chilena provinces;;;;;;;;;Km2;;;;;2012;1;1;2012;1;6;7;;;;;;15000;200000;89,80529293;1;"887;891";;Biobio, Magallanes y Antartica chilena (Adm1).
2013-0407-CHL;2013;0407;;Natural;Meteorological;Extreme temperature;Severe winter conditions;;;Chile;CHL;South America;Americas;Biobio, Libertador Gral. Bernardo O'Higgins, Maule, Metropolitana, Valparaiso provinces;;;;;;Yes;;;°C;;;;;2013;9;10;2013;9;30;;;;;;;;1000000;91,12079403;1;"887;889;892;893;149630";;Biobio, Libertador Gral. Bernardo O'Higgins, Maule, Metropolitana, Valparaiso (Adm1).
2013-0072-CHL;2013;0072;;Technological;Technological;Transport accident;Road;;;Chile;CHL;South America;Americas;Near Tomé (Biobio province);;;;;No;No;;;;;;;;2013;2;9;2013;2;9;16;21;;;21;;;;91,12079403;;;;
2014-0094-CHL;2014;0094;EQ-2014-000044;Natural;Geophysical;Earthquake;Ground movement;;;Chile;CHL;South America;Americas;Arica y Painacota province, Alto Hospicio commune (Iquique district, Tarapaca province);;;Slide (land, mud, snow, rock);;;Yes;;8;Richter;-19.61;-70.769;23:46;;2014;4;1;2014;4;1;6;;513387;;513387;;;100000;92,59898057;"1;2";91503;91517;Arica y Painacota (Adm1). Iquique (Adm2).
2014-0525-CHL;2014;0525;;Natural;Hydrological;Flood;Riverine flood;;;Chile;CHL;South America;Americas;Coquimbo, Aisen del Gral. Carloz, Valparaiso, Metropolitana, Los Rios, Araucania, Biobio, Libertador Gral. Bernardo O'higgins, Los Lagos, Maule, Metropolitana provinces;Heavy rainfall;;;;;;;;Km2;;;;;2014;6;11;2014;6;11;;;10917;1638;12555;;;;92,59898057;1;"884;886;887;888;889;892;893;91501;91504";;Aisen del Gral. Carlos Ibanez del Campo, Araucania, Biobio, Coquimbo, Libertador Gral. Bernardo O'Higgins, Los Lagos, Los Rios, Maule, Metropolitana (Adm1).
2014-0118-CHL;2014;0118;WF-2014-000050;Natural;Climatological;Wildfire;Land fire (Brush, Bush, Pasture);;;Chile;CHL;South America;Americas;Valparaiso province;;;;;;Yes;;;Km2;;;;;2014;4;12;2014;4;21;12;500;10500;;11000;;;34000;92,59898057;1;149630;;Valparaiso (Adm1).
2015-0338-CHL;2015;0338;;Natural;Meteorological;Storm;Convective storm;;;Chile;CHL;South America;Americas;Valparaiso, Antofagasta, Libertador Gral. Bernardo O'higgins, Coquimbo provinces;;Slide (land, mud, snow, rock);Flood;;;;;;Kph;;;;;2015;8;8;2015;8;9;6;4;934;;938;;;;92,70882199;1;"883;888;889;149630";;Antofagasta, Coquimbo, Libertador Gral. Bernardo O'Higgins, Valparaiso (Adm1).
2015-0106-CHL;2015;0106;FL-2015-000027;Natural;Hydrological;Flood;Flash flood;;;Chile;CHL;South America;Americas;Atacama, Antofagasta, Coquimbo provinces;;Slide (land, mud, snow, rock);;;;Yes;;154773;Km2;-22.3617;-68.89;;Copiapo river;2015;3;25;2015;4;8;178;;164140;29741;193881;;500000;1500000;92,70882199;1;"883;885;888";;Antofagasta, Atacama, Coquimbo (Adm1).
2015-0435-CHL;2015;0435;;Natural;Geophysical;Earthquake;Tsunami;;;Chile;CHL;South America;Americas;Araucania, Atacama, Biobio, Coquimbo, Libertador Gral. Bernardo O’Higgins, Maule, Metropolitana, Valparaiso provinces;;Tsunami/Tidal wave;;;;Yes;;8;Richter;-31.5729;-71.6744;19:54;;2015;9;16;2015;9;16;19;15;681484;;681499;;350000;800000;92,70882199;1;"884;885;887;888;889;892;893;149630";;Araucania, Atacama, Biobio, Coquimbo, Libertador Gral. Bernardo O'Higgins, Maule, Metropolitana, Valparaiso (Adm1).
2015-0142-CHL;2015;0142;;Natural;Geophysical;Volcanic activity;Ash fall;Calbuco;;Chile;CHL;South America;Americas;Ensenada town (Llanquihue district, Los Lagos province);;;;;;;;;;;;;;2015;4;24;2015;4;30;;;4000;;4000;;;600000;92,70882199;2;;12955;Llanquihue (Adm2).
2015-0143-CHL;2015;0143;;Natural;Geophysical;Volcanic activity;Ash fall;Villarrica;;Chile;CHL;South America;Americas;Vallarica, Pucon, Cararrehue municipalities, Temuco town (Cautin district, Araucania province), Conaripe municipality (Valdivia district, Los Rios province);;;;;;;;;;;;;;2015;3;;2015;3;;;;3600;;3600;;;;92,70882199;2;;"12935;149633";Cautin, Valdivia (Adm2).
2015-0092-CHL;2015;0092;;Natural;Climatological;Wildfire;Forest fire;;;Chile;CHL;South America;Americas;Valparaiso province;High temperatures and wind;;;;;;;;Km2;;;;;2015;3;13;2015;3;21;1;32;;;32;;;;92,70882199;1;149630;;Valparaiso (Adm1).
2015-0204-CHL;2015;0204;;Natural;Hydrological;Flood;;;;Chile;CHL;South America;Americas;Aisen, Araucania, Los Rios, Los Lagos provinces;Heavy rains;;;;;;;224189;Km2;-44.1033;-72.92;;;2015;5;17;2015;5;21;;16;100;;116;;;;92,70882199;1;"884;886;91501;91504";;Aisen del Gral. Carlos Ibanez del Campo, Araucania, Los Lagos, Los Rios (Adm1).
2016-0118-CHL;2016;0118;;Natural;Hydrological;Flood;Riverine flood;;;Chile;CHL;South America;Americas;Metropolitana district (Santiago province);Heavy rains;;;;;;;;Km2;;;;Maipo, Mapocho, Angostura, Rapel, Cachapoal, Tinguiririca rivers;2016;4;15;2016;4;18;12;100;;;100;;;100000;93,87843648;2;;12971;Santiago (Adm2).
2017-0185-CHL;2017;0185;;Natural;Hydrological;Flood;Riverine flood;;;Chile;CHL;South America;Americas;Coquimbo, Los Lagos, Bio Bio (Curanilahue), Maule, Metropolitan (Santiago), Araucania, O'Higgins, Los Rios, Valparaiso;Thunderstorm;Slide (land, mud, snow, rock);;;;;;;Km2;;;;;2017;6;16;2017;6;17;4;24;;3000;3024;;;;95,87816577;1;"884;887;888;889;892;893;91501;91504;149630";;Araucania, Biobio, Coquimbo, Libertador Gral. Bernardo O'Higgins, Los Lagos, Los Rios, Maule, Metropolitana, Valparaiso (Adm1).
2017-0055-CHL;2017;0055;;Natural;Hydrological;Flood;;;;Chile;CHL;South America;Americas;Santiago, Valparaiso, O'Higgins, Antofagasta, Coquimbo;Heavy rain;Slide (land, mud, snow, rock);;;;;;;Km2;-30.939;-70.249;;Maipo river;2017;2;24;2017;3;3;3;;1200;;1200;;;2000;95,87816577;"1;2";"883;888;889;149630";12971;Antofagasta, Coquimbo, Libertador Gral. Bernardo O'Higgins, Valparaiso (Adm1). Santiago (Adm2).
2017-0002-CHL;2017;0002;WF-2016-00136;Natural;Climatological;Wildfire;Forest fire;;;Chile;CHL;South America;Americas;Valparaiso, Santo Domingo (San Antonio), Casablanca (Valparaiso), Maule (Santa Olga), Biobio, Metropolitana, O'Higgins, Araucania;;Heat wave;;;;Yes;;4670;Km2;;;;;2017;1;15;2017;3;16;11;16;7157;450;7623;;165000;550000;95,87816577;1;"884;887;889;892;893;149630";;Araucania, Biobio, Libertador Gral. Bernardo O'Higgins, Maule, Metropolitana, Valparaiso (Adm1).
2017-0529-CHL;2017;0529;;Natural;Hydrological;Landslide;Landslide;;;Chile;CHL;South America;Americas;Villa Santa Lucia (Los Lagos region), Hualaihué;Heavy rains;Flood;;;;;;;;;;09:20;La Maquina;2017;12;17;2017;12;18;22;12;;130;142;;;;95,87816577;2;;12957;Palena (Adm2).
2017-0218-CHL;2017;0218;;Natural;Hydrological;Flood;Flash flood;;;Chile;CHL;South America;Americas;Atacama (Chañaral, Diego de Almagro, Freirina-Huasco), Coquimbo (Monte Patria Ovalle- Limari,Andacollo-Elqui);Heavy rains;;;;;;;157699;Km2;-27.122;-69.952;;Limari;2017;5;11;2017;5;15;2;;3000;;3000;;;;95,87816577;2;;"12937;12939;12949;12950";Cha??aral, Elqui, Huasco, Limari (Adm2).
2019-0023-CHL;2019;0023;;Natural;Geophysical;Earthquake;Ground movement;;;Chile;CHL;South America;Americas;Coquimbo;;;;;;;;7;Richter;-30.074;-71.423;21:32;;2019;1;19;2019;1;19;2;;780;;780;;;;100;1;888;;Coquimbo (Adm1).
2019-0091-CHL;2019;0091;;Natural;Hydrological;Flood;;;;Chile;CHL;South America;Americas;Arica y Parinacota, Tarapacá, Antofagasta regions;Torrential rains;;;;;;;272110;Km2;-21.965;-69.245;;;2019;2;1;2019;2;10;6;;600;;600;;;;100;1;"883;91502;91503";;Antofagasta, Arica y Painacota, Tarapaca (Adm1).
2019-0640-CHL;2019;0640;;Natural;Climatological;Wildfire;Land fire (Brush, Bush, Pasture);;;Chile;CHL;South America;Americas;Rocuant, San Roque (Valparaiso);;;;;;Yes;;;Km2;;;;;2019;12;24;2019;12;26;;12;;735;747;;;;100;2;;149634;Valparaiso (Adm2).
2019-0602-CHL;2019;0602;;Technological;Technological;Transport accident;Air;C130 Hercules;;Chile;CHL;South America;Americas;Punta Arenas;;;;;;;;;;;;;;2019;12;9;2019;12;9;38;;;;;;;;100;;;;
2019-0583-CHL;2019;0583;;Technological;Technological;Transport accident;Road;;;Chile;CHL;South America;Americas;Taltal;;;;;;;;;;;;;;2019;12;2;2019;12;2;17;22;;;22;;;;100;;;;
2021-0069-CHL;2021;0069;;Natural;Meteorological;Storm;Convective storm;;;Chile;CHL;South America;Americas;Santiago Metropolitan, O’Higgins, Valparaíso, Maule, Araucanía, and Bío Bío Regions;;Flood;Slide (land, mud, snow, rock);;;;;;Kph;;;;;2021;1;29;2021;2;2;;;521;;521;;;150000;;"1;2";"884;887;889;892;149630";12971;Araucania, Biobio, Libertador Gral. Bernardo O'Higgins, Maule, Valparaiso (Adm1). Santiago (Adm2).